Id,Title_before,Tags,Title_after
1,unabl to find text from the html content beautifulsoup,html,unabl to find text from the html content beautifulsoup
2,angular 17 multipl content project error,html,angular 17 multipl content project error
3,uncaught referenceerror createffmpeg is not defin,html,uncaught referenceerror createffmpeg is not defin
4,whi can frontend framework can creat custom attribut but i m expect to prepend data to mine,html,whi can frontend framework can creat custom attribut but i m expect to prepend data to mine
5,how can i rotat imag to face the mous cursor,html,how can i rotat imag to face the mous cursor
6,i ve a given a html and css code and face a issu in it,html,i ve a given a html and css code and face a issu in it
7,html tag in uilabel don t work and instead got shown,html,html tag in uilabel don t work and instead got shown
8,select x and y on imag in particular area and creat a border on it,html,select x and y on imag in particular area and creat a border on it
9,overrid border bottom in mat select,html,overrid border bottom in mat select
10,detect pen pointertyp and pen button compat browser and os,html,detect pen pointertyp and pen button compat browser and os
11,how to adjust bodi height in layout compon,html,how to adjust bodi height in layout compon
12,whi focu doesn t work on input when we put search icon on input,html,whi focu doesn t work on input when we put search icon on input
13,chartj how to disabl a scale in stack line chart,html,chartj how to disabl a scale in stack line chart
14,whi canva insid div ha a vertic offset,html,whi canva insid div ha a vertic offset
15,with two input on a form how can i put css in the second input,html,with two input on a form how can i put css in the second input
16,respons is not work on the small and xs screen,html,respons is not work on the small and xs screen
17,parseint is not give actual valu and give alway as 0 in javascript,html,parseint is not give actual valu and give alway as 0 in javascript
18,mailto into mailto into mailto,html,mailto into mailto into mailto
19,show loader for at least 5 second or until page is fulli load,html,show loader for at least 5 second or until page is fulli load
20,is there a way to use css transit without defin ani properti,html,is there a way to use css transit without defin ani properti
